{
    "accuracy": 0.99,
    "precision": 0.9901612903225806,
    "recall": 0.99,
    "f1_score": 0.9899757153415689,
    "roc_auc": 1.0,
    "confusion_matrix": [
        [
            122,
            0
        ],
        [
            2,
            76
        ]
    ],
    "classification_report": {
        "0": {
            "precision": 0.9838709677419355,
            "recall": 1.0,
            "f1-score": 0.991869918699187,
            "support": 122.0
        },
        "1": {
            "precision": 1.0,
            "recall": 0.9743589743589743,
            "f1-score": 0.987012987012987,
            "support": 78.0
        },
        "accuracy": 0.99,
        "macro avg": {
            "precision": 0.9919354838709677,
            "recall": 0.9871794871794872,
            "f1-score": 0.989441452856087,
            "support": 200.0
        },
        "weighted avg": {
            "precision": 0.9901612903225806,
            "recall": 0.99,
            "f1-score": 0.9899757153415689,
            "support": 200.0
        }
    }
}